./FaceSet/faceImages/1/20140706_074141.jpg;0
./FaceSet/faceImages/1/20140706_074244.jpg;0
./FaceSet/faceImages/1/20141022_181111.jpg;0
./FaceSet/faceImages/1/DSC02978.JPG;0
./FaceSet/faceImages/1/DSC03120.JPG;0
./FaceSet/faceImages/1/IMG_20140706_160836.jpg;0
./FaceSet/faceImages/1/IMG_20140706_173705.jpg;0
./FaceSet/faceImages/2/20141029_201018.jpg;1
./FaceSet/faceImages/2/20141029_201019.jpg;1
./FaceSet/faceImages/2/20141029_201020.jpg;1
./FaceSet/faceImages/3/20141029_201131.jpg;2
./FaceSet/faceImages/3/20141029_201140.jpg;2
./FaceSet/faceImages/3/20141029_201146.jpg;2
./FaceSet/faceImages/3/20141029_201152.jpg;2
./FaceSet/faceImages/3/20141029_201157.jpg;2
./FaceSet/faceImages/4/20141029_201217.jpg;3
./FaceSet/faceImages/4/20141029_201219.jpg;3
./FaceSet/faceImages/4/20141029_201221.jpg;3
./FaceSet/faceImages/4/20141029_201224.jpg;3
./FaceSet/faceImages/4/20141029_201244(0).jpg;3
./FaceSet/faceImages/5/20141029_201300.jpg;4
./FaceSet/faceImages/5/20141029_201302.jpg;4
./FaceSet/faceImages/5/20141029_201307.jpg;4
./FaceSet/faceImages/5/20141029_201316.jpg;4
./FaceSet/faceImages/5/20141029_201318.jpg;4
./FaceSet/faceImages/6/20141029_201547.jpg;5
./FaceSet/faceImages/6/20141029_201553.jpg;5
./FaceSet/faceImages/6/20141029_201556.jpg;5
./FaceSet/faceImages/7/20141029_201754(0).jpg;6
./FaceSet/faceImages/7/20141029_201804.jpg;6
./FaceSet/faceImages/7/20141029_201812.jpg;6
./FaceSet/faceImages/8/IMG_0057.JPG;7
./FaceSet/faceImages/8/IMG_20140714_213001.jpg;7
./FaceSet/faceImages/8/IMG_6945.JPG;7
./FaceSet/faceImages/9/IMG_0022.JPG;8
./FaceSet/faceImages/9/IMG_0628.jpg;8
./FaceSet/faceImages/9/IMG_1301.JPG;8
./FaceSet/faceImages/9/IMG_1312.JPG;8
